{
  "tts_models-multilingual-multi-dataset-your_tts": 5.5779869556427,
  "tts_models-bg-cv-vits": 0.37399911880493164,
  "tts_models-cs-cv-vits": 0.554518461227417,
  "tts_models-da-cv-vits": 0.37998294830322266,
  "tts_models-et-cv-vits": 0.3789856433868408,
  "tts_models-ga-cv-vits": 0.4198760986328125,
  "tts_models-en-ek1-tacotron2": 26.54008984565735,
  "tts_models-en-ljspeech-tacotron2-DDC": 4.308482646942139,
  "tts_models-en-ljspeech-tacotron2-DDC_ph": 1.7702686786651611,
  "tts_models-en-ljspeech-glow-tts": 0.45378756523132324,
  "tts_models-en-ljspeech-speedy-speech": 0.41887998580932617,
  "tts_models-en-ljspeech-tacotron2-DCA": 2.281900644302368,
  "tts_models-en-ljspeech-vits": 1.3295087814331055,
  "tts_models-en-ljspeech-vits--neon": 1.1798467636108398,
  "tts_models-en-ljspeech-fast_pitch": 0.5067119598388672,
  "tts_models-en-ljspeech-overflow": 4.673378229141235,
  "tts_models-en-ljspeech-neural_hmm": 3.1615495681762695,
  "tts_models-en-vctk-vits": 1.0033178329467773,
  "tts_models-en-vctk-fast_pitch": 7.343123912811279,
  "tts_models-en-sam-tacotron-DDC": 2.3267831802368164,
  "tts_models-en-blizzard2013-capacitron-t2-c50": 1.932342529296875,
  "tts_models-en-blizzard2013-capacitron-t2-c150_v2": 1.8951621055603027,
  "tts_models-es-mai-tacotron2-DDC": 0.18151378631591797,
  "tts_models-es-css10-vits": 0.47273707389831543,
  "tts_models-fr-mai-tacotron2-DDC": 0.18550705909729004,
  "tts_models-fr-css10-vits": 0.4198789596557617,
  "tts_models-uk-mai-glow-tts": 0.40691137313842773,
  "tts_models-uk-mai-vits": 0.3633239269256592,
  "tts_models-zh-CN-baker-tacotron2-DDC-GST": 19.06570553779602,
  "tts_models-nl-mai-tacotron2-DDC": 0.24235248565673828,
  "tts_models-nl-css10-vits": 0.4029245376586914,
  "tts_models-de-thorsten-tacotron2-DCA": 4.821113109588623,
  "tts_models-de-thorsten-vits": 6.377768516540527,
  "tts_models-de-thorsten-tacotron2-DDC": 1.9158904552459717,
  "tts_models-de-css10-vits-neon": 0.42985010147094727,
  "tts_models-ja-kokoro-tacotron2-DDC": 4.751300096511841,
  "tts_models-tr-common-voice-glow-tts": 0.9444746971130371,
  "tts_models-it-mai_female-glow-tts": 7.379274845123291,
  "tts_models-it-mai_female-vits": 0.8786518573760986,
  "tts_models-it-mai_male-glow-tts": 8.632925271987915,
  "tts_models-it-mai_male-vits": 0.9404864311218262,
  "tts_models-ewe-openbible-vits": 1.1698873043060303,
  "tts_models-hau-openbible-vits": 0.8776540756225586,
  "tts_models-lin-openbible-vits": 1.1544222831726074,
  "tts_models-tw_akuapem-openbible-vits": 1.130976676940918,
  "tts_models-tw_asante-openbible-vits": 1.0043129920959473,
  "tts_models-yor-openbible-vits": 0.9354972839355469,
  "tts_models-hu-css10-vits": 0.4537837505340576,
  "tts_models-el-cv-vits": 1.9915962219238281,
  "tts_models-fi-css10-vits": 0.45677924156188965,
  "tts_models-hr-cv-vits": 0.4059157371520996,
  "tts_models-lt-cv-vits": 0.5006616115570068,
  "tts_models-lv-cv-vits": 0.4996638298034668,
  "tts_models-mt-cv-vits": 0.5565133094787598,
  "tts_models-pl-mai_female-vits": 0.3899564743041992,
  "tts_models-pt-cv-vits": 0.6303162574768066,
  "tts_models-ro-cv-vits": 0.6542513370513916,
  "tts_models-sk-cv-vits": 0.7230715751647949,
  "tts_models-sl-cv-vits": 0.513688325881958,
  "tts_models-sv-cv-vits": 0.48669910430908203,
  "tts_models-ca-custom-vits": 1.2466182708740234,
  "tts_models-fa-custom-glow-tts": 11.726116180419922
}
